"seller_name","seller_url","seller_url_status","platform","product_name","product_url","quantity","total_price","price_status","currency","industry","details","slug","has_images","reviewer","date","review_url","notes"
"Xiamen King Q Waterproof Sport Co., Ltd","https://waterproof-sport.en.alibaba.com/","verified","Alibaba.com","drysuit","https://waterproof-sport.en.alibaba.com/productgrouplist-807869346/Dry_Suit.html","1","252","STATED","USD","Sportswear & Outdoor Apparel","DANGEROUS DRYSUIT, RISK OF DROWNING. DO NOT BUY I bought a dangerous and defective drysuit supplied on behalf of Alibaba.com by Xiamen King Q Waterproof Sport Co., Ltd under Trade Assurance Order 184474975001023119 (September 2023). Transaction 184474975001023119, Cost USD 252.00. The drysuit was used only seven times in 2024–2025 for boarding my boat from the jetty and was never submerged in water. Three weeks ago, I used it in waist deep water for approximately five minutes while loading my boat onto its trailer. I was horrified as the suit immediately started to fill with water as it had failed at all seams, allowing water to enter both legs and rise to my waist. I poured approximately half a pint of water out of each leg.
This is latent defect as it existed at the time of manufacture, it only became apparent later and was not caused by misuse or wear. My usage pattern supports this.
The product is dangerous as a leaking drysuit can cause can be disastrous through, cold shock and loss of buoyancy leading to risk of drowning,
A drysuit that leaks at every seam after <10 uses is a clear breach of Trade Assurance standards.
This is a serious safety hazard and demonstrates that the suit is unfit for purpose and defectively manufactured. There is no visible wear, damage, or deterioration to the taped seams. This is clearly a manufacturing fault.
Alibaba & Xiamen King Q Waterproof Sport Co., Ltd have ignored my on-line messages and only responded with sarcasm instead of assistance. They have not replied to my last two emails. This behaviour is unacceptable and violates Alibaba’s seller obligations.
DO NOT BUY A DRYSUIT FROM THEM YOU COULD DROWN","xiamen-king-q-waterproof-sport-co-ltd-drysuit","True","Lyn Fawcett","4 weeks ago","","seller_url verified — store subdomain waterproof-sport.en.alibaba.com matches company name exactly in search results; product_url is the seller's Dry Suit category page (best-effort, not a confirmed individual listing for this exact order); quantity 1 inferred from singular ""a drysuit"" — not stated as a numeral but clear from context; price USD 252.00 explicitly stated in review."
"Zhangzhou Xiangcheng Keshang Trading Co Ltd","https://keshang-shoes.en.alibaba.com/","verified","Alibaba.com","shoes","","2","0","MISSING","AUD","Shoes & Accessories","BUYERS BEWARE of keshang-shoes.en.alibaba.com. Zhangzhou Xiangcheng Keshang Trading Co Ltd Fraudulent Scammers! I purchased two items in Dec 2025 which I never received it is now the end of April 2026. First tracking said my items were delivered to Spain then when I said they were delivered to the wrong country they said it was wrong tracking, correct tracking information shows they were on their way back to the seller in China. I opened a dispute with Alibaba for a refund and the process has taken forever. It is now the end of April and still no refund. Alibaba keeps restarting the dispute process on me. I have gone through their dispute process 16 times now with no resolution.
DO NOT BUY FROM ALIBABA EVER!!!
YOU WILL NOT GET YOUR PURCHASE AND YOU WILL NOT GET YOUR MONEY BACK!","zhangzhou-xiangcheng-keshang-trading-co-ltd-shoes","True","Red","2 months ago","","seller_url verified — the review itself names keshang-shoes.en.alibaba.com and the store resolves in search. product_name is generic (""shoes"") — reviewer stated only ""two items"" with no further description. product_url left blank — no specific listing identifiable. total_price MISSING — no amount mentioned. currency defaulted to AUD (no currency stated in review). quantity 2 is explicitly stated."
"Bolaze011 Store","","not-found","Alibaba.com","ZX-DU99D3X8 motherboard","","1","0","MISSING","AUD","Consumer Electronics","AliExpress Buyer protection is fully fake! Fraud and deception does not violate platform regulations! In 2026, AliExpress became a completely untrustworthy marketplace! The seller could send you even their dirty underwear instead of the product, but AliExpress will refuse your refund or just give you a few pennies back! Never ever trust - that seller or customer support will ""solve your problem, give you a full refund, or send you a good product as a replacement""
It is always a deception and lie, in form of a ""template-formal"" answer. 
Buying on AliExpress will only leave you disappointed, wasting your money, time, and nerves (or better not to buy on AliExpress anything more expensive and complicated than flip-flops)","bolaze011-store-zx-du99d3x8-motherboard","True","Andrew","4 months ago","","seller_url: not-found — web search found ""Hunan Bolaze Technology Co., Ltd."" at bolaze.en.alibaba.com but could not confirm this is the same entity as the AliExpress ""Bolaze011 Store""; the AliExpress store URL was not located. product_url: not found. price: not stated anywhere in the review (MISSING). currency: defaulted to AUD per site default; no currency hint in review. quantity: 1 is explicitly implied (""I paid for a [one] ZX-DU99D3X8 motherboard""). Note: the original review is for an AliExpress purchase, not Alibaba.com, but platform is set to ""Alibaba.com"" per task instructions."
"Cangzhou Wings Of Liberty Sport Products Co., Ltd.","https://wolsport.en.alibaba.com/","verified","Alibaba.com","sports equipment","","1","1940","STATED","USD","Sports & Entertainment","Since 9 September 2025 that I placed my order with the seller Cangzhou Wings Of Liberty Sport Products Co., Ltd., I have been given a different delivery date almost every week. We are now at 25 January 2026, and the order has still not been delivered. Despite paying the full amount of 1,940 USD upfront, I have never received the product. To future buyers: BE CAUTIOUS with sellers who promise a 10% compensation for delayed shipping or claim that Trade Assurance will protect you. These guarantees proved to be fake, both from seller side and from Alibaba side. My order was marked as “completed” even though I NEVER received the item I paid for!!!!
Once payment is made, communication becomes inconsistent. You must constantly follow up yourself, and the delivery dates provided are repeatedly inaccurate. After several months of delays, the order is automatically closed by the system WITHOUT delivery. Adding to the frustration, you will be even be asked to write a review for a product that NEVER arrived, despite having paid nearly 2,000 USD!!!!!","cangzhou-wings-of-liberty-sport-products-co-ltd-sports-equipment","True","Nek t.","5 months ago","","Product name is GENERIC — the review does not name the specific item ordered; ""sports equipment"" is inferred from the seller's product category (boxing rings, wrestling mats, gym equipment, pilates reformers). Quantity inferred as 1 (single order implied, not explicitly stated). Seller URL verified by exact company name match on Alibaba (store handle: wolsport). product_url left blank as no specific product listing was identified. has_images set to true per workflow default."
"Isabella Xavier","","not-found","Alibaba.com","DJ Controllers","","2","1600","STATED","AUD","Consumer Electronics","I will never order OFF Alibaba again. They don’t care about the customers. I ordered 2DJ controllers of two different sales reps that were on their website that I was on and both of scams. It’s cost me $1600 and I couldn’t care less. I logged onto their platforms Enquired about the products and I thought they were there sales people that took over but at the end of the day anyone can do it and take your details straight off their website and unless you actually buy through their pay system which I thought was just automatic when you’re going to their website it’s called an off-line order which means that it they won’t get your responsibility even stay well clear this woman Isabella Xavier she won’t help you. She will rip you and just keep as much money as she can of you blackmailing you not to give you a parcel. I haven’t got my parcel and I’ll pay her an extra $900 in taxes and I still haven’t got my parcel because she’s trying to blackmail me and giving her $111 so I can get tracking numbers for my parcel to get here but she won’t let it go until I do, but I refuse. told me my parcel was on its way but yesterday hit me up for freight costs saying it’s not gone yet after three days of time it was officially three jobs because of this woman three opportunities to get jobs. I’ve told her this Christmas present of my parents and she still doesn’t care. Alibaba will keep her on?","isabella-xavier-dj-controllers","True","Dean J.","7 months ago","","Seller URL: two web searches returned no matching Alibaba store page for Isabella Xavier — store may have been removed; marked not-found. Product URL: not found. Price AUD $1,600 is stated directly in the review; STATED. Review also mentions an additional AUD $900 demanded in taxes and a further $111 for tracking numbers — these are not included in total_price as they were demanded post-purchase and the reviewer refused. Quantity of 2 is explicitly stated. Currency defaulted to AUD per hint and the reviewer's apparent Australian context."
"Ningbo Marvelous Import and Export Co., Ltd.","https://nbmarvelous.en.alibaba.com/","verified","Alibaba.com","hardware tools","","5","112.24","STATED","AUD","Tools & Hardware","Be very careful when purchasing anything from Alibaba. After previously purchasing from Alibaba on 2 separate orders, and I did find it to be quite cost affective and of good quality, with reasonably fast postage. It went down hill. When I tried to make a 3rd purchase from Alibaba (* note all 3 purchases were from different sellers *), the *S* hit the fan. The company I tried to make 3rd purchase from was: Ningbo Marvelous import and export Co Ltd.
I order a bulk lot of 5 of the same item at a total cost of $112.24AU including delivery and taxes. Went through payment process Using Papal in 4 interest free payments, *very important never pay directly with visa or any direct credit card and definitely do not pay via any type of bank transfer*. I could see that the Paypal payment was taking to long to complete and verify that order has been processed.
This is when I almost fell of my seat, I received a notification that the seller has updated payment amount. That new payment amount was not $112.24AU as previously stated 
But for $770USD, $1076.62AU I could not believe what I saw, I of cause canceled order immediately. I did receive notification from Alibaba that order has been canceled.
Thankfully purchasing using Paypal will give you the knowledge that payment will not go through and if it does you can definitely get it refunded.
I don’t know if this was a scam directly by this particular seller ( also I tried sending seller a very well worded message, but apparently my messages to this seller cannot get through as I have been blocked by the seller ) or if it is a issue with Alibaba itself, either way I will definitely never buy from this particular seller again, and be very cautious if I decide to buy from Alibaba again.
I am not saying that you should avoid Alibaba, but just be very careful about your payment method and check all notifications that you receive from Alibaba.","ningbo-marvelous-import-and-export-co-ltd-hardware-tools","False","Quint I.","1 month ago","","Product not stated in review — ""hardware tools"" is inferred from the seller's Alibaba store inventory (tools, hand tools, pneumatic tools, hardware accessories). Seller URL verified: store at nbmarvelous.en.alibaba.com matches the exact company name. Quantity (5) and price ($112.24 AUD) are both explicitly stated. The attempted fraudulent charge of $770 USD / $1,076.62 AUD is documented in the review but was canceled before payment completed."
"Hainan Xinyi Industry","https://rvmonster.en.alibaba.com/","verified","Alibaba.com","truck canopy / RV accessories","","1","0","MISSING","AUD","Vehicle Parts & Accessories","Hainan Xinyi Industry.not wanting to give full refund missing $49.79 claim it was a bank charge back or bank fee. my bank said it wasn't my bank that charged the fee. so I got my credit card involved to get my full refund. The supplier wasn't honest with the time it would take to get the product to me and she declined my first initial attempt to get the refund. which is now causing a delay on the refund, they are insisting I cancel the bank and let them give the refund, if I agree I will miss out on $49.79. Alibaba not doing much to get my full refund.","hainan-xinyi-industry-truck-canopy-rv-accessories","False","Casual Girl A.","2 months ago","","Product name is generic — no product named in review; inferred from seller's Alibaba store (rvmonster.en.alibaba.com), which lists truck canopies, RV accessories, and 4WD gear. Quantity defaulted to 1 (not stated in review). Total price set to MISSING/0 — the AUD $49.79 figure is the disputed shortfall withheld from a refund, not the original order total; the full order value is unknown. Seller URL verified: Alibaba store title reads ""Hainan Xinyi Industry Co., Ltd."" matching the review name exactly."
"Shandong Qilu Industrial Co., Ltd.","https://sdqilu.en.alibaba.com/","best-effort","Alibaba.com","construction machinery","","1","0","MISSING","AUD","Industrial Machinery","I made a purchase through alibaba from a company called Shandong Qilu industrial pty ltd.I thought it would be a safe purchase as it was made from alibaba platform.The company sent me faulty products and have not assisted in rectifying the issues and alibaba has fone nothing to assist in this matter.Very dissapointing.Think twice before using.","shandong-qilu-industrial-construction-machinery","False","shane zimmerle","2 months ago","","Product name is generic (""construction machinery"") — seller makes excavators, loaders, and tractors but the review states no specific product. Quantity defaulted to 1 (not stated). Price not stated (MISSING); currency defaulted to AUD. Seller URL is best-effort: review spells entity as ""pty ltd"" (Australian suffix) but the Alibaba store is registered as ""Co., Ltd."" — store name and business profile match closely enough to be the same entity."
"MLY Garment","https://gzmly.en.alibaba.com/","best-effort","Alibaba.com","custom garments","","1","0","MISSING","AUD","Apparel & Accessories","MLY Garment on Alibaba is nothing short of scamming thieves. They will drag out disputes until it's too late to request a refund. Their products are faulty and they shipped one of my orders to the wrong person and did not refund me. They also refuse to mark their orders as shipped so Buyers are unable to leave Negative reviews on orders that have been received.
Alibaba has also not been able to get my money back as yet and they also can't force the seller to make their orders as shipped, so they allow these scammers to use their platform!","mly-garment-custom-garments","False","Mel","2 months ago","","seller_url is best-effort — search returned multiple MLY Garment storefronts on Alibaba (gzmly.en.alibaba.com, mlysport.en.alibaba.com, mlycn.en.alibaba.com); gzmly was used as the primary/most prominent but the reviewer did not specify which store. product_name is generic — no product was mentioned in the review; ""custom garments"" inferred from seller's business category. quantity defaulted to 1 — none stated in review. total_price is MISSING — no amount mentioned. currency defaulted to AUD per site default; no currency hint in review."
"ali baba Queanbeyan","","not-found","Alibaba.com","Family Snack Pack","","1","0","MISSING","AUD","Food & Beverage","This place is an absolute disgrace ali baba Queanbeyan. I ordered the family snack pack and what I got was a mountain of chips with barely any meat hiding in it. Calling it “family” is a joke – it’s nothing but a scam. If there were negative stars, they’d deserve it. They’re not serving food, they’re robbing people in plain sight. Save your money and avoid this place at all costs – total rip-off!","ali-baba-queanbeyan-family-snack-pack","False","RUSSELL","10 months ago","","CRITICAL FLAG — ""ali baba Queanbeyan"" is a local fast-food / kebab restaurant in Queanbeyan, NSW, Australia (confirmed via Uber Eats and Facebook listings). It is NOT an Alibaba.com marketplace seller. No Alibaba.com store URL exists (seller_url_status: not-found). The review almost certainly originates from Google Maps or a food-delivery platform, not from Alibaba.com. Admin should assess whether this submission is in scope for the database before publishing. Price not stated (MISSING, total_price set to 0). Quantity inferred as 1 from singular phrasing (""I ordered the family snack pack""). Currency defaulted to AUD (Queanbeyan is in New South Wales, Australia)."
"Nanchang Keda Stationery Gifts Industrial","https://jxkeda.en.alibaba.com/","verified","Alibaba.com","custom pen kits","https://jxkeda.en.alibaba.com/product/1036693971-212687963/Taiwan_Pen_Kits_Manufacturers_Customized_all_size_Wood_Turning_Pen_kits_Various_of_Cheap_Metal_Accessories_pen_turning_parts.html","1","0","MISSING","AUD","Gifts & Crafts","May of 2024 I started working on a pen kit design via Alibaba with Nanchang Keda Stationery Gifts Industrial. It usually takes 3 to 4 months to get an order from start to finish. I sent samples in June and paid a deposit on Sept 2024 and received samples just before Christmas, Dec 2024. The kits were so terrible I couldn't actually assemble the pen kit. The art on the bands was terrible and looked like one big smudge with no detail. I obviously rejected them. Alibaba played the Assurance game and communicated with the supplier. We went back and forth and once again Alibaba Trade Assurance Program has no teeth. They refused to force the company to refund my deposit even after extensive documentation an photos on the 8 major problems. The Black Titanium finish(if that is what it really was) had lines around it as if were being threaded. It was rough and not polished and yet had a gummy coating that never seemed to come off. Just a coule pictures of the pathetic attempt. Nanchang agreed to remake the kits, I finally received the much improved, far from perfect kit, in May of 2025. They looked very nice and 78% went together without problem. 22% failure is still much too high for samples that have been groomed prior to shipping. The transmission will not go into the end cap hole. The brass on all kits was also not the size of my original samples which will cause problems for customers who have already purchased my brass in bulk. Nanchang claimed that the last two fixed were easy and want another deposit to continue. Over a year and still nothing to sell, Alibaba is useless, as is Nanchange Keda...be wary, be very wary. I now purchase my kits outside of Alibaba and have had great results. Alibaba seems to be a magnet for unscrupulous vendors looking to get something for nothing.","nanchang-keda-stationery-gifts-industrial-custom-pen-kits","True","WWP","12 months ago","","Quantity not stated — defaulted to 1 (custom sample order; flag for human review). Price not stated — MISSING. Currency not stated — defaulted to AUD per site convention. Product URL is best-effort: pen kits listing from the same verified seller store. Seller store URL confirmed via Alibaba search (jxkeda.en.alibaba.com). Reviewer explicitly mentions photos submitted to Alibaba Trade Assurance, so has_images=true."
"Cangnan Kangtai Paper Products Co., Ltd.","","not-found","Alibaba.com","paper products","","1","990","STATED","USD","Packaging & Printing","A Cautionary Tale: Alibaba’s Failure to Protect Buyers Despite providing clear, documented evidence that the supplier Cangnan Kangtai Paper Products Co., Ltd. failed to manufacture or ship any product after receiving USD $990, Alibaba.com has refused to issue a refund under their so-called Trade Assurance program. Let me be clear: No goods. No tracking. No communication from the seller. No resolution.","cangnan-kangtai-paper-products-co-ltd-paper-products","True","Deon S.","1 year ago","","seller_url: not found via web search — store may have been removed from Alibaba (common for scam sellers); product_name: no specific product stated in review, ""paper products"" is a generic inferred from the seller's company name and Cangnan region (famous for packaging/printing); quantity: not stated, defaulted to 1; industry: inferred from seller name and Cangnan region as Packaging & Printing."
"TY-Carbon Made Store","https://www.aliexpress.com/store/1103035272","best-effort","Alibaba.com","carbon fiber car part","","1","0","MISSING","AUD","Vehicle Parts & Accessories","DO NOT BUY from Alibaba or AliExpress if you expect after sales service. I recently purchased a car part through Alibaba sister company AliExpress (PO 8197387475556774) from TY-Carbon Made Store and it turned out to be very badly made. Junk product! No problem I'm thinking as they have a ""Free Returns"" policy if you are not satisfied. They approved my return and credit provided I send it (at my expense which I was told would be refunded) to their Sydney PO Box. I paid FedEx $79 who later informed me the AliExpress Post Office address would to accept the item due to too large. Have since found out Australia Post do not accept items over 105cm. Mine is 150cm. I requested an alternative delivery address several times but they never responded. They have now refused to refund my purchase or additional courier charge several time with emails like ""We are sorry to inform that your appeal request was closed. We have revisited this request and found that this return parcel hasn't been delivered."" and ""We are sorry but your appeal has not been accepted since the parcel you returned has not been delivered to AliExpress warehouse"". Well apparently it's my fault their delivery address wouldn't accept the parcel! Clearly they have not intension of honouring my credit and have a system that strings you along until you give up. DO NOT buy from these companies. They will rip you off at any opportunity!!","ty-carbon-made-store-carbon-fiber-car-part","True","rbm3","1 year ago","","1. Product price not stated — only the $79 AUD FedEx return-shipping cost is mentioned; total_price set to 0 / MISSING. 2. Product described only as ""car part""; ""carbon fiber car part"" inferred from store name (TY-Carbon Made). 3. Seller found on AliExpress (store ID 1103035272) — name matches exactly, but store is on AliExpress not Alibaba.com; marked best-effort. 4. Quantity of 1 inferred (not explicitly stated). 5. No product listing URL found."
"Hangzhou Green Forest Toys & Gifts Co., Ltd.","https://greenforesttoys.en.alibaba.com/","verified","Alibaba.com","wooden toys and furniture","","200","5000","STATED","AUD","Mother, Kids & Toys","Green Forest Toys & Gifts Co. Ltd I purchased 200 units of a product from this supplier for $5,000, intending to sell them through Amazon FBA in the United States. Unfortunately, this turned out to be a costly mistake. The supplier misrepresented key product specifications, failed to meet Amazon's compliance requirements, and demonstrated a consistent pattern of deceptive behavior. As a result, Amazon US rejected the entire shipment due to non-compliance and ultimately disposed of the goods. The entire order became unsellable and worthless.","hangzhou-green-forest-toys-gifts-co-ltd-wooden-toys-and-furniture","False","Rainbow Rabbit Ltd","1 year ago","","Seller URL: two Alibaba stores found — greenforesttoys.en.alibaba.com (used, appears to be the main listing) and greenforesttoy.en.alibaba.com (alternate). Both match ""Hangzhou Green Forest Toys & Gifts Co., Ltd."" which sells wooden toys and wooden kids furniture — consistent with the review; marked ""verified"". No specific product listing URL found; product_url left blank. Product name is generic (""wooden toys and furniture"") as the review does not name a specific SKU. Currency set to AUD per the provided hint. Price and quantity are both explicitly stated in the review."
"Dongguan Eversoul Silicone Products","https://eversoulsilicone.en.alibaba.com/","verified","Alibaba.com","silicone bags","","1","0","MISSING","AUD","Luggage, Bags & Cases","Dongguan Eversoul Silicone products Do not deal with Aimee from this company! I had her source some bags from me, was pressured to pay for them upfront without recieving a sample first, queried a part of the bag that I thought could be defective and was assured that it wasn’t, then received the bags and found the part that I queried to be defective. Because she ordered this product from another company, her and her company are now refusing to take any responsibility for this defect and I’m left with a batch of useless bags. Totally useless and incompetent.
They have also blocked me from reviewing them on Alibaba and because of the dodgy way they did the ordering, I can’t even apply for a refund on alibaba.","dongguan-eversoul-silicone-products-silicone-bags","False","JaK","1 year ago","","Two Alibaba stores found for this seller (eversoul.en.alibaba.com and eversoulsilicone.en.alibaba.com); used eversoulsilicone as primary URL. Product name ""silicone bags"" inferred — the review says ""bags"" and the seller specialises in silicone products; no more specific product type stated. Quantity defaulted to 1 (review references ""a batch"" but gives no unit count). Price not stated — total_price set to 0, price_status MISSING. Currency defaulted to AUD (no hint given in review). No specific product listing URL found."
"Guangzhou Creative Machinery","https://createmachine.en.alibaba.com/","best-effort","Alibaba.com","vacuum cleaners","","1","0","MISSING","AUD","Home Appliances","BUYERS BEWARE!!! – Unfortunately Alibaba allow scam suppliers to stay after I advised them of the scam. They just want to make money and not look after the customer experience. I was in a dispute to retrieve my money back which takes months if at all however, they wont let me leave a review on the supplier to warn other buyers. Very Frustrating experience with Suppliers like ""Guangzhou Creative Machinery"" selling Vacuums and Alibaba as well for their copy and paste standard replies that achieve nothing. 
Lots of generic replies, lies, and hiding behind the language barrier.","guangzhou-creative-machinery-vacuum-cleaners","False","Gmac","2 years ago","","seller_url is best-effort: matched to ""Guangzhou Creative Machinery Technology Co., Ltd."" (createmachine.en.alibaba.com) which sells cleaner robots and wet/dry vacuum cleaners — name aligns closely but cannot be confirmed as identical to the reviewed seller, who may have been delisted. product_url not found; no specific listing located. quantity not stated — defaulted to 1. total_price MISSING — no amount or currency mentioned in review. currency defaulted to AUD (no hint given). product_name ""vacuum cleaners"" taken verbatim from review (""selling Vacuums"")."
"Xiamen Vienatone Medical Technology Co., Ltd.","https://wenatone.en.alibaba.com/","best-effort","Alibaba.com","rechargeable hearing aids","https://www.alibaba.com/product-detail/Vienatone-Wholesale-Price-Rechargeable-Hearing-Aids_1600959353719.html","1","0","MISSING","AUD","Health & Medical","Faulty product from Alibaba.com and no way to recover purchase – After purchasing hearing aids from Lina Hong from Xiamen Vienatone Medical, the left one would not charge for more than 20 minutes then shut down. After contacting Lina Hong and being delayed with telling me the technician is looking into it they just stopped contacting me. Alibaba.com then states that I cannot arise a dispute because my purchase was with PayPal and not Alibaba.com so PayPal won’t do anything as there is no dispute raised and Alibaba.com won’t raise a dispute! Don’t get caught like me! Don’t use Alibaba.com or AliExpress as they are the same company. They are not a scam but they are not honest or reputable! Another dishonest Chinese company, I’ve learnt my lesson and I hope you don’t get caught like me. Plus be aware of PayPal’s rules, they don’t tell the whole story until it’s too late to proceed with them!","xiamen-vienatone-medical-rechargeable-hearing-aids","True","John C.","2 years ago","","seller_url is best-effort: the Alibaba store is listed as ""Wenatone"" (wenatone.en.alibaba.com) while the company is registered as ""Vienatone Medical"" — cross-referenced via FOB Business Directory and MadeinChina.com entries for Xiamen Vienatone Medical Technology Co., Ltd. which confirm it is the same entity. product_url is a plausible but unconfirmed listing for the same company's rechargeable hearing aids, not the specific transaction item. Quantity inferred as 1 (one pair implied by ""the left one""); no quantity explicitly stated. Price not mentioned anywhere in the review; total_price set to 0, price_status MISSING. Currency defaulted to AUD (no geographic indicator in the review)."
"CDPH (Hainan) Company Limited","https://cdph.en.alibaba.com/","best-effort","Alibaba.com","expandable prefab homes","https://www.alibaba.com/product-detail/CDPH-Airbnb-China-Detachable-Prefabricated-House_1601246200506.html","2","60000","STATED","AUD","Construction & Real Estate","Beware of false certificates saying no asbestos in goods. Alibaba trade assurance a scam – Alibaba a total scam read other reviews on alibaba trade assurance. Purchased 2 expandable homes Cdph company totally useless cost 60k did not meet Australian standards and customs asbestos requirement and seized by customs. Alibaba trade assurance gave run around and company gave no warranty or replies. Alibaba is there to promote sales and then protect chinese companies Never buy through this platform a total scam","cdph-company-expandable-prefab-homes","False","Jeff E.","2 years ago","","seller_url is best-effort: the review names ""Cdph company"" and search found at least two CDPH stores on Alibaba (cdph.en.alibaba.com, cdphfacility.en.alibaba.com, cdbuilding.en.alibaba.com); cdph.en.alibaba.com used as the most generic match — human reviewer should confirm which store handled this sale. product_url is a plausible matching CDPH expandable-home listing but not confirmed as the exact purchased product. Price (AUD 60,000) and quantity (2) are both explicitly stated in the review. Currency inferred as AUD from context (Australian customs, Australian standards)."
"Henan Feiju Import And Export Trade Co., Ltd.","https://feiju.en.alibaba.com/","verified","Alibaba.com","shade nets","","1","0","MISSING","AUD","Agriculture","Alibaba Fruad and scammer – Please beware of alibaba . they take payment , Never get products from supplier and refund process is annoying . Almost you get half back . mean you loss money for nothing, SO this fraud company to be aware and never buy . Supplier not genuine all the time .Aviod this scammer supplier Henan Feiju Import And Export Trade Co., Ltd Alibaba customer Serivce one of the biggest lier .","henan-feiju-import-and-export-trade-co-ltd-shade-nets","False","Patel","2 years ago","","1. seller_url verified: store at feiju.en.alibaba.com matched the exact company name in search results. 2. product_name ""shade nets"" is GENERIC — inferred from the seller's known product range (shade nets, HDPE fishing nets, scaffolding nets, sun shade sails); the review names no specific product. 3. quantity defaulted to 1 — none stated in review. 4. total_price MISSING — no amount or currency mentioned anywhere in the review. 5. currency defaulted to AUD per instructions (no currency hint given). 6. industry ""Agriculture"" chosen as best fit for shade nets / HDPE nets commonly used in farming and aquaculture — flag for human reviewer if a different category is preferred."
"Fuzhou Century City Hong Trading Co.","https://fzsjch.en.alibaba.com/","verified","Alibaba.com","OnePlus 12 smartphones","https://www.alibaba.com/product-detail/New-Oneplus-12-5g-Smartphone-Snapdragon_1601000927519.html","2","615","STATED","USD","Consumer Electronics","Very disappointing – BEWARE OF THE FUZHOU CENTURY CITY HONG TRADING CO. TRADING ON ALIBABA I placed an order for two Oneplus 12 mobile phones from the Fuzhou Century City company on Alibaba which were promptly delivered to my address in Europe. When I opened the boxes first thing I noticed was that they contained Chinese charging cables which couldn't be used in Europe, and although I wasn't pleased about this I thought no big deal.
One of the phones was for my wife and I gave it to her, she switched on the phone and went through the process of transferring all the data from her old phone onto the new one and after she had finished doing this the Oneplus 12 just switched off and it wouldn't switch on again no matter what we tried.
I immediately contacted the saleswoman I had been dealing with at this Fuzhou company to inform her of the problem as we had only just received the phones less than an hour ago, she was totally unhelpful right from the start telling us to charge up the phone but the phone was already charged and was showing over 80% battery capacity when it switched off and wouldn't come on again. I left the phone on the charger for a couple of hours but it still wouldn't switch on or show any other sign of life apart from getting a bit warm. All this while I was exchanging messages with the seller who has absolutely ZERO customer service and she was implying that I was lying about the phone being dead and even insinuating that I had somehow damaged the phone, really terrible customer service and after care and I was getting really angry by this time as after spending $615 on a mobile phone the very least thing I expect is for that phone TO ACTUALLY WORK.
She was demanding all kinds of unreasonable stuff from me like ""proving"" the phone doesn't work, how the hell do you prove a phone doesn't work without you sending the phone back to them ? The last suggestion this woman made to me was to take the phone to a mobile phone shop and let them check it out, are you nuts ???? I just spent $615 on a brand new phone and I have to take it to a mobile phone shop ???
Completely AND TOTALLY UNHELPFUL company and staff to deal with and I have raised a dispute with Alibaba for a refund and my messenger has now been disabled from contacting the seller which doesn't look very promising as many customers complain that Alibaba always takes the side of their fraudulent sellers.
People need to beware when ordering from Alibaba and are better off obtaining products from more reputable companies with a fairer despute resolution process. I am still waiting on Alibaba to resolve my claim.","fuzhou-century-city-hong-trading-co-oneplus-12-smartphones","False","Peter O.","2 years ago","","seller_url verified — first search result directly names Fuzhou Century City Hong Trading Co., Ltd. at fzsjch.en.alibaba.com. product_url is best-effort — a matching OnePlus 12 listing was found on Alibaba but could not be confirmed as belonging to this specific seller. All other fields (quantity, price, currency) are explicitly stated in the review."
"Coco Lee","","not-found","Alibaba.com","drill rig","","1","0","MISSING","AUD","Construction & Building Machinery","Ali Baba and the THIEVES and Liars – Bought a drill rig that was made from patio tube. It destroyed itself @ 4meters, ALIASSURE DID NOTHING TO HELP! Bought from Coco Lee, she laughed and did nothing about it.","coco-lee-drill-rig","False","Tank","2 years ago","","Seller URL not found — searched Alibaba.com for ""Coco Lee"" drill rig seller; no matching store located, likely removed. Quantity not stated in review, defaulted to 1. Price not stated at all, marked MISSING; total_price set to 0. Currency set to AUD per site default but is effectively unknown given no price. Industry assigned as ""Construction & Building Machinery"" based on product type (drill rig)."
"Chongging Huashongsheng Furniture Co.ltd","https://zhixinfurniture.en.alibaba.com/","best-effort","Alibaba.com","dining chairs (set of 8)","","8","0","MISSING","AUD","Furniture","Disqualified and ripping off company – One of the most worst company l had dealt with no assurance is in this company for customer l ordered 8 dining chairs with Chongging Huashongsheng Furniture Co.ltd they sent me 6 damage backseat two missing screws and nuts for two chairs to Assymbly and one bottom seat with broken screws head when l tried to screw another screw in different positions the seat cracked two bottom seats cloth were tore off because it was kept for long time in warehouse two backseats wood cracked during assembly and when l purchased the saleswoman [Name Removed] told me our product warranties for ten years. So far l lodged two complaints but no results.","chongging-huashongsheng-furniture-co-ltd-dining-chairs","False","Trina A.","2 years ago","","1. Seller name appears misspelled in the review; best-effort match to ""Chongqing Huahongsheng Furniture Co., Ltd."" on Alibaba (storefront: zhixinfurniture.en.alibaba.com) — names are phonetically close but not identical; human reviewer should confirm. 2. No price stated in the review; total_price set to 0, price_status MISSING. 3. Currency not stated; defaulted to AUD per project default. 4. No specific product listing URL found; product_url left blank. 5. Quantity of 8 is explicitly stated in the review."
"Shenzen Pincenter Crafts & Gifts Co","https://pincentre.en.alibaba.com/","verified","Alibaba.com","custom gifts and crafts","","5","0","MISSING","AUD","Gifts & Crafts","Alibaba and the 400 Thieves – Read where Alibaba protection policy is worthless, and yes it is, placed 5 consecutive orders, and 4 was faulty, Alibaba sided with the seller, who said I could have a refund if I revised the one star I left on the reviews…Shipping Dispatches were always added after shipping so they got a good score….. how dishonest is that….. also PAYPAL WILL NOT COVER YOU FOR FAULTY GOODS, there policy will not cover anyone buying to re sell goods, they are in leagues with Alibaba…. BE WARNED KEEP AWAY FROM THIS SITE AND PAYAPAL……
very disappointed… Shenzen Pincenter Crafts & Gifts Co - [Name Removed], BEWARE… just received this from Alibaba, asking me to waste time weighing goods, what a joke, check the photo of their request, Pathetic….","shenzen-pincenter-crafts-gifts-co-custom-gifts-and-crafts","True","Robert","2 years ago","","Seller URL: ""Shenzhen Pincentre Craft & Gifts Co., Ltd."" at pincentre.en.alibaba.com is a near-certain match (Shenzen/Shenzhen and Pincenter/Pincentre are common romanisation variants of the same company); marked verified. Product name is generic — no specific product stated in the review; the seller's Alibaba store lists badges, medals, keychains, coins, and trophies. Quantity of 5 refers to 5 consecutive orders, not individual units. Price is completely unstated (MISSING, total_price set to 0). Currency defaulted to AUD (no currency hint in review). Review mentions a photo of Alibaba's weighing request but image content is unknown."
"Qingdao Flyer Agricultural Equipment Co., Ltd.","https://flyeragro.en.alibaba.com/","verified","Alibaba.com","farm tractor","https://www.alibaba.com/product-detail/Tractor-made-in-China-cheap-price_1600220533223.html","1","0","MISSING","AUD","Agriculture","Alibaba Trade Assurance is misrepresented – I've held off commenting for 2 years, but the tractor I purchased has cost me many thousands of dollars and is only now starting to go, although who knows for how long. The assembly was done by people who had no idea even though the company Quindao Flyer Agricultural Company STILL has gold status. The disputes person did process a small payment but there was nowhere to go after that even though the tractor was not fit for sale and I was badly cheated by the seller.
Buy off this website at your own risk. I may purchase small change bits but will never again spend big money as being cheated is all one can expect. Better to pay more for quality equipment from countries which offer a genuine warranty and which do not allow sellers to scam their customers.
The number of 1 star posts says it all. Alibaba has the ability to be the top seller in the world but will eventually fail because it supports its crooked sellers. Good luck to anybody who puts up the big money.","qingdao-flyer-agricultural-company-farm-tractor","False","michael","2 years ago","","Seller name in review (""Quindao Flyer Agricultural Company"") is a phonetic misspelling of the verified Alibaba store ""Qingdao Flyer Agricultural Equipment Co., Ltd."" at flyeragro.en.alibaba.com — seller_url_status set to ""verified"". product_url is best-effort (one of several tractor listings from this seller; not confirmed as the exact model purchased). Price is MISSING — reviewer mentions ""many thousands of dollars"" but this appears to describe cumulative costs incurred rather than a stated purchase price. Currency defaulted to AUD (no country or currency indicator in review). Date is approximate (""2 years ago"" from time of writing, not an exact date). Quantity 1 is explicitly stated (""the tractor I purchased"")."
"Shanghai Boundary Steel","","not-found","Alibaba.com","Steel Strip Coil","","1","7000","STATED","USD","Metals & Alloys","Alibaba.com is a giant fraud.) – Frauded by Shanghai boundary steel. 5000 usd United steel(SHANDONG) 2000 usd. Both were strip coil orders, what a waste of hardly earned money. What a bad representation of people Republic of Chinaaaa. Total fraud, please don't trust them even if they say verified supplier or pro verified. It is a 1000% scam.","shanghai-boundary-steel-united-steel-shandong-steel-strip-coil","False","Motech","2 years ago","","Two sellers named in one review: Shanghai Boundary Steel ($5,000) and United Steel (Shandong) ($2,000); total_price $7,000 is the combined stated loss across both. Shanghai Boundary Steel Alibaba store not found. United Steel (Shandong) Alibaba store located at https://unitedsteel.en.alibaba.com/ (best-effort match — confirm before publishing; note the store may be taken down). Quantity not stated — defaulted to 1. No product images provided. Human reviewer should consider splitting this into two separate report rows, one per seller."
"Xiamen Kaituo Clothing Co., Ltd","https://xmkaituo.en.alibaba.com/","verified","Alibaba.com","custom logo hats","","1","0","MISSING","AUD","Apparel & Accessories","Alibaba Trade Assurance is a SCAM – Alibaba trade assurance sides with manufacturer every time, without fail. You simply will not win! This whole site is full of scam businesses being protected by the platform under this pretense of being protected via trade assurance, oh little do you know, as soon as the money is sent, boom, your toast! Dishonesty and without Integrity this platform will dismiss your concerns while siding with substandard, ignorant businesses like Xiamen Kaituo Clothing Co., Ltd. Horrid attention to detail, hat sizings incorrect, Branding logos changed without authorization to printed on leather, not stamped, brim sizes incorrect and this is after samples were sent to the manufacturer, This Site is Toxic!","xiamen-kaituo-clothing-co-ltd-custom-logo-hats","False","Little Johnny","2 years ago","","Quantity defaulted to 1 (none stated); this is a B2B custom manufacturing order so actual quantity was almost certainly a bulk run — the store lists MOQs of 25–50 pieces — but no number appears in the review. Price MISSING: no amount stated and no reasonable basis to estimate. Currency defaulted to AUD per instructions (no hint given). Product name ""custom logo hats"" inferred from review details (hat sizings, branded logos, leather patches, brim sizes) — not an exact product title. No specific product listing URL found; seller store URL confirmed via direct Alibaba search result. Dispute/Trade Assurance outcome is the reviewer's stated personal experience."
"Guangzhou Soyouth Wristwatch Co. Ltd","https://soyouthwatch.en.alibaba.com/","verified","Alibaba.com","Cadisen C8200 automatic watch","https://www.alibaba.com/product-detail/2022-CADISEN-C8200-German-design-Mechanical_1600501427545.html","1","0","MISSING","AUD","Jewelry, Eyewear & Watches","Forget About Your Warranty – I purchased a Cadisen watch Model C8200. Looks great but it gains about 1.5 - 2 minutes per week. I contacted Dante J from Guangzhou Soyouth Wristwatch Co. Ltd. But after numerous exchanges I came to the realisation that their complaint/warranty department was there just to frustrate the buyer to the point of just giving up in frustration. 
Comments like 'Please provide video' ........ HUH!?? also: 
'I don't even know what you said. I want to know what's wrong with you. Is there any problem?' 
The last 2 comments were: 
'We were in good condition before delivery. Why did you say it was bad when you received it?' and:
'You can take it to the watch store to check if there is any problem. Our Watch has no problem before delivery, my friend' (all cut & pasted)
There were many more ridiculous responses like these, all totally unhelpful.
So if you buy a Cadisen watch don't expect any backup or decent customer service.
Once they have your money they want to fight you and will drop you like a hot potato.","guangzhou-soyouth-wristwatch-co-ltd-cadisen-c8200-automatic-watch","False","John K.","3 years ago","","Price not stated in review; total_price set to 0, price_status MISSING. Quantity of 1 stated in source metadata. seller_url verified via web search (soyouthwatch.en.alibaba.com is the confirmed Alibaba storefront). product_url is a best-effort match — the C8200 listing from this seller found on Alibaba.com but cannot confirm it is the exact listing used for this purchase. Currency defaulted to AUD per schema rules (no currency hint in review)."
"UU A Girl Store","","not-found","Alibaba.com","memory sticks","","7","0","MISSING","AUD","Consumer Electronics","Very poor customer service when things go wrong – Alibaba is terrible in supporting the customer. I was sent 2 faulty memory sticks out of 7 ordered. I sent all supporting evidence that two was faulty but the supplier didn't send the replacements and Alibaba closed the case before they'd given time for the replacements to arrive, then wouldn't allow an appeal. Don't deal with the UU A Girl Store it's a bad company and Alibaba are no better.","uu-a-girl-store-memory-sticks","False","Angela H.","3 years ago","","seller_url: not-found — two separate web searches returned no Alibaba store page for ""UU A Girl Store""; store may have been removed. product_url: not found. total_price: MISSING — no amount stated in the review. currency: defaulted to AUD (no currency hint given). quantity: 7 explicitly stated in review."
"Power Team","","not-found","Alibaba.com","12V diving hookah system","","1","0","MISSING","AUD","Sports & Entertainment","No follow up support – Bought a 12v diving hooka through Ali. Bit of a hassle getting it from china. Not a cheap purchase. Only used it four times and it no longer charges. I cant get any response from the chinese company that Ali directed the sale through. The "" Power Team"" acknowledged my initial email, said that they would get back to me, then stopped communicating. Wouldn't buy again through Ali or anything from china for that matter.","power-team-12v-diving-hookah-system","False","Greg","3 years ago","","Price not stated — reviewer says ""not a cheap purchase"" but gives no figure; total_price set to 0 / MISSING. Currency defaulted to AUD (no hint in review). Seller URL: a ""Shenzhen Powerteam Technology Co., Ltd."" exists at powerteamtech.en.alibaba.com but sells consumer electronics (speakers, GPS trackers), not diving equipment — not a credible match; classified not-found. Scam stores are frequently removed from the platform, which is another likely explanation. Product URL not found. Quantity 1 inferred from review context (reviewer refers to a single unit that ""no longer charges"")."
"Shenzhen Moonlight Co., Ltd.","https://szmoonlight.en.alibaba.com/","best-effort","Alibaba.com","LED lighting products","","2","0","MISSING","AUD","Lights & Lighting","Ridiculous Platform – I bought 2 samples, from Shenzhen Moonlight Co., payed with credit card, and then the supplier said the price payed its not enough, they forced me to buy more items or ask for refund. Ridiculous I never seen similar thing on line they changed the price after payment, only in China.","shenzhen-moonlight-co-led-lighting-products","False","Enzo","3 years ago","","seller_url: best-effort — name matches ""Shenzhen Moonlight Co., Ltd."" at szmoonlight.en.alibaba.com but cannot confirm this is the same entity the reviewer dealt with. product_name: generic (no product stated in review; seller specialises in LED lighting, so ""LED lighting products"" is inferred — flag for human review). total_price: MISSING — no amount mentioned. currency: defaulted to AUD per instructions (no currency hint in review). quantity: 2 stated explicitly (""2 samples"")."
"Oloey Innovation Technology Model Store","https://www.aliexpress.com/store/4427012","best-effort","Alibaba.com","Olympus camera replacement part","","1","0","MISSING","AUD","Consumer Electronics","Oloey Innovation Technology Model Store – Ordered a part For My OLYMPUS Camera. Was 6 times more expensive than the Olympus in Australia. When tried to return they made my life difficult. The policy says 14 Day return is accepted . Once sold they don't want to know you, Price is also not competitive.","oloey-innovation-technology-model-store-olympus-camera-replacement-part","False","Rasa","3 years ago","","Seller URL is best-effort: web search found an AliExpress store named ""Oloey Innovative Tech Model Store"" (aliexpress.com/store/4427012) — no confirmed Alibaba.com storefront found; scam stores are frequently removed. Product name is generic — reviewer says ""a part for my Olympus camera"" without specifying which part. Quantity 1 stated implicitly (""a part""). No price stated; reviewer only says it was 6x the Australian Olympus retail price — total_price set to 0, price_status MISSING. Currency defaulted to AUD based on the Australia price reference."
"Hebei Jupai Import and Export Trade Co., Ltd.","https://hbjupai.en.alibaba.com/","verified","Alibaba.com","diesel forklifts","","4","0","MISSING","AUD","Material Handling","Company to avoid on Alibaba – Hebei Jupai Import and Export Trade Co.,Ltd. Took my money for 4 x forklifts, never delivered, stopped communicating, thieves. Do not do business with this company","hebei-jupai-import-and-export-trade-co-ltd-diesel-forklifts","False","Mike Price Stage NZ Ltd","4 years ago","","Price not stated — total_price set to 0, price_status MISSING. Currency defaulted to AUD per site rules, but reviewer is NZ-based (Stage NZ Ltd), making NZD or USD more plausible for a B2B machinery transaction; human reviewer should confirm. Product name ""diesel forklifts"" inferred from the seller's primary Alibaba product category (Diesel forklift, Electrical forklift) since the review only says ""forklifts"" — flag if a more specific product type is known. No specific product listing URL found; product_url left blank. Seller URL verified: hbjupai.en.alibaba.com matches the company name and sells forklifts as its headline product."
"Sydney Tools","","not-found","Alibaba.com","DeWalt power tools","","1","5500","STATED","AUD","Tools & Hardware","Worst online company globally – Purchased $5500 AUD worth of dewalt tools from Sydney Tools, they did not send anything and are a fake company, with a fake freight supplier and Alibaba will not help us to get our money bank. Beware of using this website, it is the worst experience I have had online.","sydney-tools-dewalt-power-tools","False","Kirst","4 years ago","","Seller URL: not found via web search — consistent with reviewer's claim that this is a fake company; store likely taken down. Quantity: not stated in review; defaulted to 1 per instructions. Product name: ""DeWalt power tools"" — generic label derived from review text (""dewalt tools""); no specific model mentioned. Price AUD 5,500 is explicitly stated."
"Guangdong Plant Kitchen Cabinetry","https://planetcabinetry.en.alibaba.com/","best-effort","Alibaba.com","bathroom vanity","","1","2550","STATED","USD","Furniture","There are so many scammers, Alibaba is an unsafe platform and no support either – Guangdong Plant Kitchen Cabinetry was advertising the vanity for USD$120 to $160. I was trying to order the vanity exactly same as their advertising. They asked my email address and WhatsApp phone number. They sent me the quote for USD$1600 plus $950 for the shipping cost. The price was more than 10 time high. They were trying to deal with me privately. They sent me messages through emails and Wechat, They were asking 50% of the deposit privately. I tried to make a complain to Alibaba, but it is impossible to make any compliant or get any support from Alibaba.","guangdong-plant-kitchen-cabinetry-bathroom-vanity","False","Sonia J.","5 years ago","","1. Seller URL best-effort: the review names ""Guangdong Plant Kitchen Cabinetry"" but the closest Alibaba match is ""Guangdong Planet Kitchen Cabinetry Co., Ltd."" (planetcabinetry.en.alibaba.com) — ""Plant"" vs ""Planet"" is almost certainly a reviewer typo; treat as probable but unconfirmed. 2. total_price is the sum of the scammer's quoted product price ($1,600) plus stated shipping ($950) = $2,550; both figures are explicitly stated in the review. 3. No specific product listing URL found. 4. The detail sentence about Alibaba providing no support is derived from the reviewer's direct statement ""no support either"" — not invented."
"Guangzhou Yilong Cosmetics Co., Ltd; Guangzhou Haishi Biological Technology Co., Ltd","https://gzyilong.en.alibaba.com/","best-effort","Alibaba.com","cosmetics","","1","0","MISSING","AUD","Beauty & Personal Care","BUYERS'BEWARE: Unreliable and unsafe platform – The ALIBABA platform has put me at risk as a buyer for several occasions from its unreliable sellers/ suppliers based in China. There is no use of using this so-called gold suppliers, verified suppliers, etc. Free and paid training were talking about this stuff but it appears that it is not going to protect consumers. The platform is also unsecured. The message that I sent to supplier was sent to another supplier. 
Their dispute process is useless, and I need to contact my credit card provider to recover payments made to the suppliers/ sellers based in China operating at ALIBABA platform. 
Another negative experience, I was chatting to a sale representative which appears to have good English but after I made a payment, I feel like I was speaking to another person with poor English. The supplier/ seller appears to use different names on ALIBABA platform as well under Guangzhou Yilong Cosmetics Co., Ltd and Guangzhou Haishi Biological Technology Co., Ltd., based on my research and who knows what other names they use on this platform to scam people. Be careful everyone. 
If you want to use the ALIBABA platform, expect be in a wild wild west environment where there is no rules to really protect you. 
Make sure you protect yourself in case this happen to you and can lodge a claim here in Australia for product which is not fit for purpose or failed to received the product or a similar situation.","guangzhou-yilong-cosmetics-co-ltd-cosmetics","False","begood","5 years ago","","Two sellers named in the review (Yilong and Haishi); seller_url points to Yilong's primary Alibaba store (best-effort — multiple storefronts exist for both companies and the review does not specify which). Product is generic (""cosmetics"") — no specific product named in review. Quantity defaulted to 1 — none stated. Price is MISSING — no amount mentioned. Currency defaulted to AUD (site default). Review is a platform-level complaint rather than a specific transaction account; no invented facts added."
"Shenzhen Yuntian Electronic","https://chinaunion-tech.en.alibaba.com/","best-effort","Alibaba.com","electronic goods","","1","300","STATED","USD","Consumer Electronics","scammer be warned Alibaba is not a safe place for business – Alibaba was the worst experience we had in many years in business. We purchased some stock to the value of USD 300 pounds from a company called Shenzhen Yuntian Electronic . They took my money and did not send the item and when I complained to alibaba they ignored me. Not worried because it was not a huge amount but just need to warn people.","shenzhen-yuntian-electronic-electronic-goods","False","iraj","5 years ago","","1. seller_url: Two ""Yuntian"" stores found on Alibaba — ""Shenzhen Yuntian Electronic Technology Co., Ltd."" at chinaunion-tech.en.alibaba.com is the closest name match, but the store alias does not obviously correspond to the company name; marked best-effort. Store may be taken down (scam accounts are frequently removed). 2. product_name: No product stated in review; ""electronic goods"" is a generic placeholder inferred from the seller's company name (Shenzhen electronics supplier). 3. quantity: No quantity stated; defaulted to 1. 4. price: Review says ""USD 300 pounds"" — likely a copy-paste error; treated as USD 300 (consistent with the currency hint). 5. industry: Consumer Electronics inferred from company name; unverified."
"Shenzhen Yingtean Technology Co., Ltd","","not-found","Alibaba.com","Flavored Vape Pens","","1","5000","STATED","USD","Consumer Electronics","Unhelpful when it comes to buyer/seller disputes – Purchased products from a company called Shenzhen Yingtean Technology Co., Ltd. This was my second order from then, First order they sent me faulty Vape pens and gave us a hard time when it came to replacing them. The second order we made arrived 20 days later and all the flavours were wrong and upon scanning the QR code I found then to be unauthenticated, meaning they were counterfeit! The supplier [Name Removed] then kept stalling and gave me all sorts of excuses when it came to giving me the order that I requested! I had no choice but to lodge a dispute with Ali Baba but because the items I was purchasing potentially contained nicotine they refused to help me. 
Never ever will I order from this company and I suggest everyone else go through another supplier! 
I am now out of pocket 5 grand with fake products that I never ordered!","shenzhen-yingtean-technology-co-ltd-flavored-vape-pens","True","Natasha","5 years ago","","Seller store not found on Alibaba.com after search — likely taken down (expected for scam sellers). Quantity not stated in review; defaulted to 1 (flag: inferred). USD 5,000 total price is stated. Industry set to Consumer Electronics as vape/e-cigarette products are categorized there on Alibaba. has_images set to true per pipeline default."
"Shenzhen U Decoration Materials Co.,Ltd","https://udecor.en.alibaba.com/","best-effort","Alibaba.com","decoration materials","","1","1200","STATED","USD","Home & Garden","Trade Assurance is all ""Fake News"". They protect their sellers in their own Countries. Will never win – Our first transaction with Alibaba was the worst experience we had in the last 20 years in business. We purchased some stock to the value of USD 1200 to try out a factory. About 60% of the stock arrived to us damaged and 10% of the stock was wrong – in other words 70% of the stock we cannot sell and it is going in the rubbish bin. We then opened 2 claims for the damaged stock, one with the factory (Shenzhen U Decoration Materials Co.,Ltd) Ref. 90675082001020686 and one with the shipping company. After multiple emails back and forth, Alibaba said the factory and the shipping company were not responsible for the damage as “the damage was not big and it is difficult to say who caused the damaged”. Nice one!
Regarding the incorrect stock that we didn’t order but we paid for, the factory actually admitted liability for the mistake in writing but Alibaba said the stock was close enough to what we wanted so the best they could do was 50% refund. Unbelievable!
Throughout this whole experience, it was very obvious to us that Alibaba was on their Country seller’s side at all times. And Alibaba simply refused to answer our clear and simple questions about their refund rules and other basic questions that we had. They have a very vague script and they stick to it repeating the same story in every email. Alibaba’s service is sub-standard and their impartiality is non-existent.
If you think Trade Assurance protected, think again. And buying product from Shenzhen U Decoration Materials, it should NEVER be on your list. 
We personally will stay away from Alibaba in future.","shenzhen-u-decoration-materials-co-ltd-decoration-materials","False","Ehl X.","5 years ago","","1) Seller URL is best-effort: search returned ""Shenzhen U Decoration Material Co., Ltd."" (singular ""Material"", not ""Materials"") at udecor.en.alibaba.com; name is very close but not an exact match — confirm before publishing. A second store (udecorate.en.alibaba.com) carries the same registered name; udecor chosen as primary because its listed products (vinyl wallpaper, window film, wall panels) best match a decoration-materials supplier. 2) Product name is generic (""decoration materials"") — the review only says ""some stock"" with no specific product named; inferred from seller category. 3) Quantity set to 1 (default) — the review mentions ""some stock"" as a bulk trial but gives no unit count. 4) Trade Assurance dispute outcome (""will never win"") is characterised as an inability to prevail, consistent with the review wording; no invented outcome detail added."
"SHENZHEN SIBAITE ELECTRONICS CO","https://specialtech.en.alibaba.com/","best-effort","Alibaba.com","power adapters and chargers","","1","0","MISSING","AUD","Consumer Electronics","Alert Alert ….Damaged goods!!!!!! – Be aware mates, they will take the money and send you the damaged goods. When you report it to them they will keep insisting it’s not faulty. Find a good supplier and stay away from SHENZHEN SIBAITE ELECTRONICS CO. Bloody thieves.","shenzhen-sibaite-electronics-co-power-adapters-and-chargers","False","Luna M.","5 years ago","","Product name is generic — no product named in review; inferred from seller's known product range (laptop chargers, power adapters, batteries). Quantity defaulted to 1 (not stated). Price missing (not stated). Currency defaulted to AUD (no hint in review). Seller URL is best-effort — two storefronts found (specialtech.en.alibaba.com and specialhk.en.alibaba.com); specialtech used as primary. No product listing URL found."
"Changzhou Youth Tools Mechanical Co. Ltd","","not-found","Alibaba.com","sanding belts","","3","0","MISSING","AUD","Tools & Hardware","Be very careful when using ALibaba – Had three of the last ten commercial orders go pear shaped. Each time I did everything to make a compromise with Alibaba seller but failed so had to escalate to Alibaba themselves. Alibaba found for the companies in each case. First order was a silicone sample that was sent with lids loose and it leaked and got contaminated. The second was some sanding belts that were made too short and the latest was an order that went missing. This last seller agreed to refund me by a given date so I waited and then they reneged. It appears there are Alibaba only companies representing individuals posing as much more than they are. When you do finally choose an Alibaba company use google to see if the company exists outside of ALibaba. If they don't then they are an Alibaba only company completely backed by Alibaba. I will no longer use Alibaba only companies and certainly will not pay via Alibaba (which suits the non-Alibaba (genuine) companies). My advice if you do buy through them. Pay with a creditcard and get strictly 28 day terms. If it goes over the time cancel the payment and get your money back or make another payment. Just don't wait for too long before cancelling. Alibaba think they are smart but all it does is lower confidence in fostering malpractices. Changzhou Youth Tools Mechanical Co. Ltd is the tin pot company who reneged. Good luck.","changzhou-youth-tools-mechanical-co-ltd-sanding-belts","False","JS J.","5 years ago","","Seller URL not found — three web searches returned no matching Alibaba store; store may have been removed. Quantity set to 3, representing 3 failed orders rather than 3 units of a single product. Total price missing — no amount mentioned in the review. Currency defaulted to AUD (no currency hint provided). Product name ""sanding belts"" taken from the stated product field; review also mentions a ""silicone sample"" but sanding belts is the more concrete product. Date is approximate based on ""5 years ago"" review timestamp."
"Shenzhen DreamQ Technology Development Co., Ltd.","https://dreamq.en.alibaba.com/","verified","Alibaba.com","15.6-inch i7 gaming laptop DDR4 16GB RAM","","1","0","MISSING","AUD","Consumer Electronics","Danger! Danger!! Shenzhen Dreamq Technologydevelopment Danger!!! – Danger! Danger!! Shenzhen Dreamq Technologydevelopment Danger!!! Hi everyone, Please avoid Shenzhen DreamQ TechnoloyDevelopment. There products are all fake and their customer service are filled with dishonest people and con men . Their warranty means nothing I bought a notebook 15.6 inch i7 gaming laptop computer DDR4 16 G RAM colour grey I made the order on 16th of July and it arrived after 3 weeks. it looked nice and flashy but it was a total and complete DISASTER. The problem started just 2 days after I received it.
it has multiple faults all of which are software related. It shows BLUE SCREEN OF DEATH. HANGS CONSTANTLY.
I contacted the supplier and he advised me to change the SSD and insert again. I did but nothing worked
i did everything and finally sent it back to the supplier in China for replacement. The guy was extremely dishonest and dubious. it took more than 4 months (December to April) before they laptop was returned. He did absolutely nothing. The laptop was returned in the condition even though they claim to have 1 year warranty. I wasted my money returning the faulty laptop.
I contacted the supplier again to refund my money or replace it since I have warranty buy he refused
I have spent more than a thousand dollars on the laptop but it has never been useful to me for even a day. The supplier is an arrogant and a dubious con man
So please be careful of these people and their fake products. Avoid SHENZHEN DREAMQ TECHNOLOGYDEVELOPMENT PRODUCT if you dont want to be robbed.
Danger! Danger!! SHENZHEN DREAMQ TECHNOLOGYDEVELOPMENT DANGER!!!","shenzhen-dreamq-technologydevelopment-15-6-inch-i7-gaming-laptop-ddr4-16gb-ram","False","Steve","5 years ago","","Seller URL verified: Alibaba store ""Shenzhen DreamQ Technology Development Co., Ltd."" at dreamq.en.alibaba.com matches the review name exactly. No specific product listing found for this laptop model; product_url left blank. Price not stated in review and no reliable basis for estimation; total_price set to 0 with price_status MISSING. Quantity not stated; defaulted to 1 (typical single-unit consumer purchase). Currency defaulted to AUD (no currency mentioned in review). Date is approximate (""5 years ago""), not an exact calendar date."
"Quanzhou Pushi Jewellery","https://psjewelry.en.alibaba.com/","verified","Alibaba.com","18k gold platinum Moissanite jewelry","","1","10000","STATED","AUD","Jewelry, Eyewear & Watches","The Trade Assurance is a scam and the Dispute Resolution Process is biased – Have had a dispute going for months over counterfeit 18kt gold, counterfeit platinum, fake Moissanite, fraudulent copies of GRA certificates. It’s cost me nearly $10,000 in products, testing equipment, independent valuations, import tax. The jewellery delivered was nothing more than cheap costume jewellery. Despite the overwhelming evidence I provided, the days and nights I sat and photographed every test on every piece, comparing them to what he sells (he tried to deny they were his and I’d swapped them for other fakes I’d bought). The metal was made of god knows what, the Moissanite was nothing more than we’ll cut glass and none of it could be sold especially as he’d gone to the trouble of having the metal stamped AU750 or PL950. The counterfeit GRA certificates, the spelling mistakes and grammatical errors would’ve been funny had I not been in a dog fight to get my money back. I even had messages where Pu Liang the thief, the conman, the fraudster from Quanzhou Pushi Jewellery AKA Platts Jewellery has admitted it was fake and he was apologetic. Then he turned into a vicious savage pig when he realised that if I didn’t get my money back I was going to make his life miserable. Regardless of all my evidence and the best gemological and independent metal analysis - the Dispute Team told me to negotiate with him and they would be of no further assistance. Then the executives of Alibaba got in touch when I posted a huge complaint. Initially in their emails they seemed as if they were interested in helping, in fixing my problem. After a few brief emails stating they needed more time, I continued to contact them asking where they were at with getting my money back....they stopped emailing at all. Thanks for that [name removed] and [name removed] (you’re both as useless as [name removed] and just as dishonest). Anyway I finally got my money back from my bank. ANZ and VISA I can’t thank you enough for working through this mess and getting justice for me. The idiot who sent me this rubbish wont even accept his crap back so it’s sitting in Brisbane waiting to leave for China. Because he won’t sign the consignment I’m about to tell DHL to destroy the lot. There are a few good companies that advertise through Alibaba and there are a lot of bad ones....don’t rely on the Dispute Resolution Team to help you, they won’t, don’t rely on the Trade Assurance Agreement, it’s worthless. If you buy from them only use a creditable credit card that will go to town on thieves like [name removed] and the bad eggs at Alibaba who get bribed by the businesses to deny your refund. YES YOU READ CORRECT!!! The Dispute Resolution Team are bribed by the companies in matters where the consumer wants a refund. They don’t bother to look at the evidence, they don’t care that the owner of the company calls you offensive names in Mandarin, they won’t ask the supplier to show any evidence that what they sell is of good quality, made of gold, platinum, Moissanite or even that what you ordered and payed good money for resembles what is delivered. I was offered $300US and keep the goods - I payed over $7000US for crap worth nothing even $200 and an import duty tax bill of $865. The thief even wrote on the invoice that this crap was worth thousands. I sent emails to the Australian Federal Police, Cyber Crime Unit, Australian Customs, Chinese Embassy and even the White House as Trump had warned Alibaba to stop counterfeit goods or he would stop US trade through Alibaba. They placed an anti-counterfeit group in Alibaba to appease him, but clearly they’re too busy taking bribes as well. Be very cautious spending money with alibaba because they will not refund your money....EVER!!! Your bank has to do the hard yards to get your refund.","quanzhou-pushi-jewellery-18k-gold-platinum-moissanite-jewelry","False","Aly","6 years ago","","Seller URL matched via web search returning ""Company Overview - Quanzhou Pushi Jewelry Trading Co., Ltd."" at psjewelry.en.alibaba.com — marked verified. No specific product listing URL found; product_url left blank. Quantity not stated; defaulted to 1. Total price is approximate (""nearly $10,000"") per reviewer's own words and includes not just product cost but also testing equipment, independent valuations, and import tax — flag for human reviewer whether to record as product cost only or total loss. Currency AUD from prompt hint, not explicitly stated in review text."
"Xiamen King Q Waterproof Sport Co., Ltd","https://waterproof-sport.en.alibaba.com/","verified","Alibaba.com","drysuit","https://waterproof-sport.en.alibaba.com/productgrouplist-807869346/Dry_Suit.html","1","252","STATED","USD","Sportswear & Outdoor Apparel","DANGEROUS DRYSUIT, RISK OF DROWNING. DO NOT BUY I bought a dangerous and defective drysuit supplied on behalf of Alibaba.com by Xiamen King Q Waterproof Sport Co., Ltd under Trade Assurance Order 184474975001023119 (September 2023). Transaction 184474975001023119, Cost USD 252.00. The drysuit was used only seven times in 2024–2025 for boarding my boat from the jetty and was never submerged in water. Three weeks ago, I used it in waist deep water for approximately five minutes while loading my boat onto its trailer. I was horrified as the suit immediately started to fill with water as it had failed at all seams, allowing water to enter both legs and rise to my waist. I poured approximately half a pint of water out of each leg.
This is latent defect as it existed at the time of manufacture, it only became apparent later and was not caused by misuse or wear. My usage pattern supports this.
The product is dangerous as a leaking drysuit can cause can be disastrous through, cold shock and loss of buoyancy leading to risk of drowning,
A drysuit that leaks at every seam after <10 uses is a clear breach of Trade Assurance standards.
This is a serious safety hazard and demonstrates that the suit is unfit for purpose and defectively manufactured. There is no visible wear, damage, or deterioration to the taped seams. This is clearly a manufacturing fault.
Alibaba & Xiamen King Q Waterproof Sport Co., Ltd have ignored my on-line messages and only responded with sarcasm instead of assistance. They have not replied to my last two emails. This behaviour is unacceptable and violates Alibaba’s seller obligations.
DO NOT BUY A DRYSUIT FROM THEM YOU COULD DROWN","xiamen-king-q-waterproof-sport-drysuit","True","Lyn Fawcett","4 weeks ago","","Quantity not stated in review — defaulted to 1. Product URL is a category listing page (Dry Suit group), not a specific product listing. Seller Alibaba store confirmed via direct search result matching company name exactly."
"Hainan Xinyi Industry Co., Ltd.","https://rvmonster.en.alibaba.com/","verified","Alibaba.com","vehicle accessories","","1","49.79","STATED","AUD","Vehicle Parts & Accessories","Hainan Xinyi Industry.not wanting to give full refund missing $49.79 claim it was a bank charge back or bank fee. my bank said it wasn't my bank that charged the fee. so I got my credit card involved to get my full refund. The supplier wasn't honest with the time it would take to get the product to me and she declined my first initial attempt to get the refund. which is now causing a delay on the refund, they are insisting I cancel the bank and let them give the refund, if I agree I will miss out on $49.79. Alibaba not doing much to get my full refund.","hainan-xinyi-industry-vehicle-accessories","False","Casual Girl A.","2 months ago","","1. PRICE: AUD $49.79 is the stated missing refund amount, not the full order total — the actual amount paid is unknown and likely higher. 2. PRODUCT: No product was named in the review; ""vehicle accessories"" is a generic inferred from the seller's known product line (truck canopies, 4WD accessories, rooftop tents). 3. QUANTITY: Not stated; defaulted to 1. 4. SELLER URL: Verified — Alibaba store rvmonster.en.alibaba.com explicitly lists ""Hainan Xinyi Industry Co., Ltd."" as the company name."
